target,strategy,fold,accuracy,f1,positive_rate
Q1,leave_subject_out,id01,0.4878048780487805,0.39999999999999997,0.4146341463414634
Q1,leave_subject_out,id02,0.5,0.6470588235294118,0.875
Q1,leave_subject_out,id03,0.30303030303030304,0.30303030303030304,0.15151515151515152
Q1,leave_subject_out,id04,0.543859649122807,0.5000000000000001,0.3508771929824561
Q1,leave_subject_out,id05,0.5909090909090909,0.6666666666666666,0.6136363636363636
Q1,leave_subject_out,id06,0.5625,0.2222222222222222,0.4166666666666667
Q1,leave_subject_out,id07,0.4897959183673469,0.5098039215686274,0.5306122448979592
Q1,leave_subject_out,id08,0.5357142857142857,0.35,0.30357142857142855
Q1,leave_subject_out,id09,0.5121951219512195,0.4444444444444444,0.36585365853658536
Q1,leave_subject_out,id10,0.30303030303030304,0.43902439024390244,0.7575757575757576
Q1,temporal,last_quarter_by_subject,0.46153846153846156,0.4793388429752066,0.4700854700854701
Q2,leave_subject_out,id01,0.5365853658536586,0.3448275862068966,0.14634146341463414
Q2,leave_subject_out,id02,0.6041666666666666,0.6415094339622642,0.4375
Q2,leave_subject_out,id03,0.48484848484848486,0.6382978723404256,0.6060606060606061
Q2,leave_subject_out,id04,0.6140350877192983,0.676470588235294,0.7017543859649122
Q2,leave_subject_out,id05,0.4772727272727273,0.30303030303030304,0.3181818181818182
Q2,leave_subject_out,id06,0.4791666666666667,0.46808510638297873,0.5833333333333334
Q2,leave_subject_out,id07,0.5510204081632653,0.6857142857142858,0.9183673469387755
Q2,leave_subject_out,id08,0.625,0.7529411764705882,0.7321428571428571
Q2,leave_subject_out,id09,0.5609756097560976,0.1818181818181818,0.0975609756097561
Q2,leave_subject_out,id10,0.5151515151515151,0.5294117647058824,0.48484848484848486
Q2,temporal,last_quarter_by_subject,0.5982905982905983,0.6518518518518518,0.5213675213675214
Q3,leave_subject_out,id01,0.4634146341463415,0.4761904761904762,0.43902439024390244
Q3,leave_subject_out,id02,0.6666666666666666,0.7419354838709677,0.5625
Q3,leave_subject_out,id03,0.5454545454545454,0.6938775510204083,0.7575757575757576
Q3,leave_subject_out,id04,0.6491228070175439,0.7674418604651163,0.7368421052631579
Q3,leave_subject_out,id05,0.5454545454545454,0.6551724137931035,0.6363636363636364
Q3,leave_subject_out,id06,0.4166666666666667,0.2222222222222222,0.25
Q3,leave_subject_out,id07,0.4897959183673469,0.5098039215686274,0.5306122448979592
Q3,leave_subject_out,id08,0.5178571428571429,0.5714285714285714,0.6785714285714286
Q3,leave_subject_out,id09,0.5121951219512195,0.5,0.5365853658536586
Q3,leave_subject_out,id10,0.36363636363636365,0.27586206896551724,0.24242424242424243
Q3,temporal,last_quarter_by_subject,0.6068376068376068,0.684931506849315,0.5897435897435898
S1,leave_subject_out,id01,0.5609756097560976,0.6785714285714285,0.7317073170731707
S1,leave_subject_out,id02,0.8541666666666666,0.9195402298850575,0.9375
S1,leave_subject_out,id03,0.6666666666666666,0.7755102040816326,0.6666666666666666
S1,leave_subject_out,id04,0.631578947368421,0.7586206896551724,0.7719298245614035
S1,leave_subject_out,id05,0.5681818181818182,0.4242424242424242,0.2727272727272727
S1,leave_subject_out,id06,0.2916666666666667,0.43333333333333335,0.3125
S1,leave_subject_out,id07,0.46938775510204084,0.59375,0.5102040816326531
S1,leave_subject_out,id08,0.39285714285714285,0.5526315789473684,0.9107142857142857
S1,leave_subject_out,id09,0.5121951219512195,0.4444444444444444,0.3170731707317073
S1,leave_subject_out,id10,0.3939393939393939,0.47368421052631576,0.6666666666666666
S1,temporal,last_quarter_by_subject,0.4700854700854701,0.5373134328358209,0.4444444444444444
S2,leave_subject_out,id01,0.5609756097560976,0.6785714285714286,0.7804878048780488
S2,leave_subject_out,id02,0.5625,0.6865671641791045,0.4791666666666667
S2,leave_subject_out,id03,0.45454545454545453,0.5714285714285713,0.7575757575757576
S2,leave_subject_out,id04,0.5263157894736842,0.6301369863013698,0.5789473684210527
S2,leave_subject_out,id05,0.45454545454545453,0.3333333333333333,0.5681818181818182
S2,leave_subject_out,id06,0.75,0.8536585365853658,0.7916666666666666
S2,leave_subject_out,id07,0.4489795918367347,0.5970149253731343,0.6530612244897959
S2,leave_subject_out,id08,0.5178571428571429,0.5423728813559322,0.44642857142857145
S2,leave_subject_out,id09,0.6829268292682927,0.8059701492537314,0.8536585365853658
S2,leave_subject_out,id10,0.5757575757575758,0.5,0.48484848484848486
S2,temporal,last_quarter_by_subject,0.6410256410256411,0.7042253521126761,0.6153846153846154
S3,leave_subject_out,id01,0.8292682926829268,0.9066666666666667,0.975609756097561
S3,leave_subject_out,id02,0.3958333333333333,0.49122807017543857,0.2916666666666667
S3,leave_subject_out,id03,0.6363636363636364,0.7142857142857143,0.7878787878787878
S3,leave_subject_out,id04,0.47368421052631576,0.48275862068965514,0.47368421052631576
S3,leave_subject_out,id05,0.36363636363636365,0.125,0.5909090909090909
S3,leave_subject_out,id06,0.875,0.9333333333333332,0.9166666666666666
S3,leave_subject_out,id07,0.5714285714285714,0.7199999999999999,0.7346938775510204
S3,leave_subject_out,id08,0.5535714285714286,0.626865671641791,0.5357142857142857
S3,leave_subject_out,id09,0.5853658536585366,0.6666666666666667,0.5365853658536586
S3,leave_subject_out,id10,0.42424242424242425,0.5128205128205128,0.696969696969697
S3,temporal,last_quarter_by_subject,0.5897435897435898,0.6065573770491803,0.4188034188034188
S4,leave_subject_out,id01,0.4146341463414634,0.4285714285714286,0.5365853658536586
S4,leave_subject_out,id02,0.3958333333333333,0.32558139534883723,0.14583333333333334
S4,leave_subject_out,id03,0.2727272727272727,0.25,0.8181818181818182
S4,leave_subject_out,id04,0.47368421052631576,0.25000000000000006,0.19298245614035087
S4,leave_subject_out,id05,0.5681818181818182,0.6274509803921569,0.75
S4,leave_subject_out,id06,0.4791666666666667,0.6376811594202899,0.5833333333333334
S4,leave_subject_out,id07,0.42857142857142855,0.5882352941176471,0.9183673469387755
S4,leave_subject_out,id08,0.4642857142857143,0.605263157894737,0.75
S4,leave_subject_out,id09,0.4146341463414634,0.4,0.3902439024390244
S4,leave_subject_out,id10,0.45454545454545453,0.4705882352941177,0.36363636363636365
S4,temporal,last_quarter_by_subject,0.5384615384615384,0.5178571428571428,0.4358974358974359
